Column,Classifier,BestParameter,F1_Min,F1_Max,F1_Mean,F1_Median,Accuracy_Min,Accuracy_Max,Accuracy_Mean,Accuracy_Median,Precision_Min,Precision_Max,Precision_Mean,Precision_Median,Recall_Min,Recall_Max,Recall_Mean,Recall_Median
MINIMAL,KNN,5,78.9422061161631,81.0271063321337,80.1625315632549,80.2728295881046,77.9344924608614,80.3113051006421,79.2964733184234,79.4110273429046,75.4932367242478,78.3438853295223,77.0094606709661,77.0203552278399,81.8772094365486,85.0674554505447,83.6882981025900,83.8940191905346
MINIMAL,DT,15,78.6552114840613,81.8893250202710,80.3223653176466,80.2436030750387,78.9300916239810,82.0597359497872,80.4417189716952,80.4325986581055,78.6083183653117,83.1073401031069,80.7523385233535,80.8490464504650,77.9694827213044,82.4211817329197,79.9883726522858,80.1015439001515
MINIMAL,RF,5,80.4378475983620,84.6686843670301,81.9537885115118,81.8954273332409,80.2820864295505,84.3779308852175,81.8816944424404,81.8039823966525,79.4830989196491,84.0417766412311,81.4823067044275,81.4293229833046,80.8574417430200,84.2882908881033,82.6550272948080,82.6289589495707
EQUIVALENT,KNN,3,72.2086867124851,75.4362917279631,73.9446236318208,73.9373848633952,71.0634328358209,74.2880597014925,72.8513432835821,72.8539800995025,69.4939903492358,72.8702572910731,71.1243948204435,71.2118726413930,75.0353233830846,79.3805970149254,77.0971641791045,77.2069651741294
EQUIVALENT,DT,15,77.2782768199776,79.5946900962154,78.4667382216164,78.4409422569129,76.7598258706468,79.4569651741294,78.3337271973466,78.3963930348259,75.9825431560108,79.5074872856282,78.2725397755217,78.5500816507126,77.0323383084577,80.2776119402985,78.7180679933665,78.7313432835821
EQUIVALENT,RF,5,78.5754736513467,82.1845222828812,80.4907676588365,80.4084536704912,78.7320895522388,81.7794776119403,80.0287603648425,79.7799129353234,76.9658009674583,81.0865885839629,79.1896688209449,79.1568590535779,79.7276119402985,83.6746268656716,81.9105389718076,81.8531094527363
